{
  "metadata": {
    "gpu_label": "configA-32k-2node-forced",
    "timestamp": "20260510_223804",
    "run_date": "2026-05-10T22:38:04.853596"
  },
  "results": [
    {
      "scenario_name": "ingest-default-chunk",
      "concurrency": 1,
      "total_requests": 40,
      "successful_requests": 40,
      "failed_requests": 0,
      "total_tokens": 327680,
      "duration_seconds": 40.72910475730896,
      "tokens_per_second": 8045.352382590654,
      "tokens_per_minute": 482721.1429554392,
      "requests_per_second": 0.9820986795154607,
      "requests_per_minute": 58.92592077092764,
      "latency_p50_ms": 1015.3234004974365,
      "latency_p95_ms": 1708.3426713943481,
      "latency_p99_ms": 16099.10038232802,
      "latency_mean_ms": 1646.3779032230377,
      "latency_min_ms": 706.3980102539062,
      "latency_max_ms": 25287.53113746643,
      "error_rate": 0.0,
      "all_under_20s": false
    },
    {
      "scenario_name": "ingest-default-chunk",
      "concurrency": 4,
      "total_requests": 264,
      "successful_requests": 264,
      "failed_requests": 0,
      "total_tokens": 2162688,
      "duration_seconds": 60.022794008255005,
      "tokens_per_second": 36031.111775679135,
      "tokens_per_minute": 2161866.706540748,
      "requests_per_second": 4.398329074179582,
      "requests_per_minute": 263.8997444507749,
      "latency_p50_ms": 927.2361993789673,
      "latency_p95_ms": 1102.1971106529236,
      "latency_p99_ms": 1676.2742018699646,
      "latency_mean_ms": 920.6877161156048,
      "latency_min_ms": 677.6008605957031,
      "latency_max_ms": 1679.2969703674316,
      "error_rate": 0.0,
      "all_under_20s": true
    },
    {
      "scenario_name": "ingest-default-chunk",
      "concurrency": 16,
      "total_requests": 1044,
      "successful_requests": 1044,
      "failed_requests": 0,
      "total_tokens": 8552448,
      "duration_seconds": 60.99820113182068,
      "tokens_per_second": 140208.20026344154,
      "tokens_per_minute": 8412492.015806492,
      "requests_per_second": 17.11525882122089,
      "requests_per_minute": 1026.9155292732535,
      "latency_p50_ms": 948.8104581832886,
      "latency_p95_ms": 1123.6865639686584,
      "latency_p99_ms": 1692.5911402702332,
      "latency_mean_ms": 932.2363314043973,
      "latency_min_ms": 688.3981227874756,
      "latency_max_ms": 1813.4284019470215,
      "error_rate": 0.0,
      "all_under_20s": true
    },
    {
      "scenario_name": "ingest-default-chunk",
      "concurrency": 32,
      "total_requests": 2037,
      "successful_requests": 2037,
      "failed_requests": 0,
      "total_tokens": 16687104,
      "duration_seconds": 61.092756032943726,
      "tokens_per_second": 273143.74213207257,
      "tokens_per_minute": 16388624.527924355,
      "requests_per_second": 33.342741959481515,
      "requests_per_minute": 2000.564517568891,
      "latency_p50_ms": 962.0871543884277,
      "latency_p95_ms": 1165.3477191925042,
      "latency_p99_ms": 1693.2589340209947,
      "latency_mean_ms": 955.2038255484595,
      "latency_min_ms": 682.034969329834,
      "latency_max_ms": 2079.827070236206,
      "error_rate": 0.0,
      "all_under_20s": true
    },
    {
      "scenario_name": "ingest-default-chunk",
      "concurrency": 64,
      "total_requests": 3227,
      "successful_requests": 3227,
      "failed_requests": 0,
      "total_tokens": 26435584,
      "duration_seconds": 61.1431348323822,
      "tokens_per_second": 432355.7186341609,
      "tokens_per_minute": 25941343.11804965,
      "requests_per_second": 52.77779768483409,
      "requests_per_minute": 3166.6678610900453,
      "latency_p50_ms": 1200.2692222595215,
      "latency_p95_ms": 1490.2201414108274,
      "latency_p99_ms": 1857.7082109451292,
      "latency_mean_ms": 1213.7846919379813,
      "latency_min_ms": 690.6371116638184,
      "latency_max_ms": 2234.7609996795654,
      "error_rate": 0.0,
      "all_under_20s": true
    },
    {
      "scenario_name": "ingest-default-chunk",
      "concurrency": 128,
      "total_requests": 3335,
      "successful_requests": 3335,
      "failed_requests": 0,
      "total_tokens": 27320320,
      "duration_seconds": 62.20778799057007,
      "tokens_per_second": 439178.4514849077,
      "tokens_per_minute": 26350707.089094464,
      "requests_per_second": 53.61065081602877,
      "requests_per_minute": 3216.6390489617265,
      "latency_p50_ms": 2368.2897090911865,
      "latency_p95_ms": 2850.4634857177734,
      "latency_p99_ms": 3073.9879035949707,
      "latency_mean_ms": 2390.508621421711,
      "latency_min_ms": 1786.8001461029053,
      "latency_max_ms": 3343.8029289245605,
      "error_rate": 0.0,
      "all_under_20s": true
    },
    {
      "scenario_name": "ingest-max-context",
      "concurrency": 1,
      "total_requests": 57,
      "successful_requests": 0,
      "failed_requests": 57,
      "total_tokens": 0,
      "duration_seconds": 0.0,
      "tokens_per_second": 0.0,
      "tokens_per_minute": 0.0,
      "requests_per_second": 0.0,
      "requests_per_minute": 0.0,
      "latency_p50_ms": 0.0,
      "latency_p95_ms": 0.0,
      "latency_p99_ms": 0.0,
      "latency_mean_ms": 0.0,
      "latency_min_ms": 0.0,
      "latency_max_ms": 0.0,
      "error_rate": 0.0,
      "all_under_20s": true
    },
    {
      "scenario_name": "ingest-max-context",
      "concurrency": 4,
      "total_requests": 220,
      "successful_requests": 0,
      "failed_requests": 220,
      "total_tokens": 0,
      "duration_seconds": 0.0,
      "tokens_per_second": 0.0,
      "tokens_per_minute": 0.0,
      "requests_per_second": 0.0,
      "requests_per_minute": 0.0,
      "latency_p50_ms": 0.0,
      "latency_p95_ms": 0.0,
      "latency_p99_ms": 0.0,
      "latency_mean_ms": 0.0,
      "latency_min_ms": 0.0,
      "latency_max_ms": 0.0,
      "error_rate": 0.0,
      "all_under_20s": true
    },
    {
      "scenario_name": "ingest-max-context",
      "concurrency": 16,
      "total_requests": 779,
      "successful_requests": 0,
      "failed_requests": 779,
      "total_tokens": 0,
      "duration_seconds": 0.0,
      "tokens_per_second": 0.0,
      "tokens_per_minute": 0.0,
      "requests_per_second": 0.0,
      "requests_per_minute": 0.0,
      "latency_p50_ms": 0.0,
      "latency_p95_ms": 0.0,
      "latency_p99_ms": 0.0,
      "latency_mean_ms": 0.0,
      "latency_min_ms": 0.0,
      "latency_max_ms": 0.0,
      "error_rate": 0.0,
      "all_under_20s": true
    },
    {
      "scenario_name": "ingest-max-context",
      "concurrency": 32,
      "total_requests": 846,
      "successful_requests": 0,
      "failed_requests": 846,
      "total_tokens": 0,
      "duration_seconds": 0.0,
      "tokens_per_second": 0.0,
      "tokens_per_minute": 0.0,
      "requests_per_second": 0.0,
      "requests_per_minute": 0.0,
      "latency_p50_ms": 0.0,
      "latency_p95_ms": 0.0,
      "latency_p99_ms": 0.0,
      "latency_mean_ms": 0.0,
      "latency_min_ms": 0.0,
      "latency_max_ms": 0.0,
      "error_rate": 0.0,
      "all_under_20s": true
    }
  ]
}