{
  "metadata": {
    "gpu_label": "configA-8192",
    "timestamp": "20260508_103305",
    "run_date": "2026-05-08T10:33:05.830624"
  },
  "results": [
    {
      "scenario_name": "ingest-default-chunk",
      "concurrency": 1,
      "total_requests": 65,
      "successful_requests": 65,
      "failed_requests": 0,
      "total_tokens": 532480,
      "duration_seconds": 60.147891998291016,
      "tokens_per_second": 8852.845582936296,
      "tokens_per_minute": 531170.7349761777,
      "requests_per_second": 1.0806696268232783,
      "requests_per_minute": 64.84017760939669,
      "latency_p50_ms": 1002.8643608093262,
      "latency_p95_ms": 1150.2456188201904,
      "latency_p99_ms": 1405.7977008819578,
      "latency_mean_ms": 948.0796153728778,
      "latency_min_ms": 696.491003036499,
      "latency_max_ms": 1741.8720722198486,
      "error_rate": 0.0,
      "all_under_20s": true
    },
    {
      "scenario_name": "ingest-default-chunk",
      "concurrency": 4,
      "total_requests": 261,
      "successful_requests": 261,
      "failed_requests": 0,
      "total_tokens": 2138112,
      "duration_seconds": 60.736560106277466,
      "tokens_per_second": 35203.047328638786,
      "tokens_per_minute": 2112182.839718327,
      "requests_per_second": 4.297246988359227,
      "requests_per_minute": 257.8348193015536,
      "latency_p50_ms": 960.2699279785156,
      "latency_p95_ms": 1132.9748630523682,
      "latency_p99_ms": 1692.7943706512451,
      "latency_mean_ms": 932.6823863033134,
      "latency_min_ms": 689.7709369659424,
      "latency_max_ms": 1714.8351669311523,
      "error_rate": 0.0,
      "all_under_20s": true
    },
    {
      "scenario_name": "ingest-default-chunk",
      "concurrency": 16,
      "total_requests": 1020,
      "successful_requests": 1020,
      "failed_requests": 0,
      "total_tokens": 8355840,
      "duration_seconds": 60.70798587799072,
      "tokens_per_second": 137639.88179073084,
      "tokens_per_minute": 8258392.90744385,
      "requests_per_second": 16.801743382657573,
      "requests_per_minute": 1008.1046029594544,
      "latency_p50_ms": 963.9796018600464,
      "latency_p95_ms": 1150.493335723877,
      "latency_p99_ms": 1699.2554259300232,
      "latency_mean_ms": 953.934005428763,
      "latency_min_ms": 690.6099319458008,
      "latency_max_ms": 1765.885829925537,
      "error_rate": 0.0,
      "all_under_20s": true
    },
    {
      "scenario_name": "ingest-default-chunk",
      "concurrency": 32,
      "total_requests": 1609,
      "successful_requests": 1609,
      "failed_requests": 0,
      "total_tokens": 13180928,
      "duration_seconds": 61.16983604431152,
      "tokens_per_second": 215480.84566471152,
      "tokens_per_minute": 12928850.73988269,
      "requests_per_second": 26.303814168055606,
      "requests_per_minute": 1578.2288500833363,
      "latency_p50_ms": 1202.2898197174072,
      "latency_p95_ms": 1481.3261985778804,
      "latency_p99_ms": 1892.846412658692,
      "latency_mean_ms": 1214.3198159112924,
      "latency_min_ms": 722.1100330352783,
      "latency_max_ms": 2109.64298248291,
      "error_rate": 0.0,
      "all_under_20s": true
    },
    {
      "scenario_name": "ingest-default-chunk",
      "concurrency": 64,
      "total_requests": 1671,
      "successful_requests": 1671,
      "failed_requests": 0,
      "total_tokens": 13688832,
      "duration_seconds": 62.3362340927124,
      "tokens_per_second": 219596.711274548,
      "tokens_per_minute": 13175802.67647288,
      "requests_per_second": 26.806239169256347,
      "requests_per_minute": 1608.3743501553809,
      "latency_p50_ms": 2374.4590282440186,
      "latency_p95_ms": 2836.6215229034424,
      "latency_p99_ms": 3083.9765787124634,
      "latency_mean_ms": 2391.91596112802,
      "latency_min_ms": 1860.4958057403564,
      "latency_max_ms": 3167.3789024353027,
      "error_rate": 0.0,
      "all_under_20s": true
    },
    {
      "scenario_name": "ingest-default-chunk",
      "concurrency": 128,
      "total_requests": 1737,
      "successful_requests": 1737,
      "failed_requests": 0,
      "total_tokens": 14229504,
      "duration_seconds": 64.67555618286133,
      "tokens_per_second": 220013.6317307889,
      "tokens_per_minute": 13200817.903847335,
      "requests_per_second": 26.85713277963732,
      "requests_per_minute": 1611.4279667782391,
      "latency_p50_ms": 4718.457221984863,
      "latency_p95_ms": 5364.803886413573,
      "latency_p99_ms": 5468.969602584837,
      "latency_mean_ms": 4777.375012481769,
      "latency_min_ms": 4007.322072982788,
      "latency_max_ms": 5792.504072189331,
      "error_rate": 0.0,
      "all_under_20s": true
    },
    {
      "scenario_name": "ingest-max-context",
      "concurrency": 1,
      "total_requests": 62,
      "successful_requests": 0,
      "failed_requests": 62,
      "total_tokens": 0,
      "duration_seconds": 0.0,
      "tokens_per_second": 0.0,
      "tokens_per_minute": 0.0,
      "requests_per_second": 0.0,
      "requests_per_minute": 0.0,
      "latency_p50_ms": 0.0,
      "latency_p95_ms": 0.0,
      "latency_p99_ms": 0.0,
      "latency_mean_ms": 0.0,
      "latency_min_ms": 0.0,
      "latency_max_ms": 0.0,
      "error_rate": 0.0,
      "all_under_20s": true
    },
    {
      "scenario_name": "ingest-max-context",
      "concurrency": 4,
      "total_requests": 230,
      "successful_requests": 0,
      "failed_requests": 230,
      "total_tokens": 0,
      "duration_seconds": 0.0,
      "tokens_per_second": 0.0,
      "tokens_per_minute": 0.0,
      "requests_per_second": 0.0,
      "requests_per_minute": 0.0,
      "latency_p50_ms": 0.0,
      "latency_p95_ms": 0.0,
      "latency_p99_ms": 0.0,
      "latency_mean_ms": 0.0,
      "latency_min_ms": 0.0,
      "latency_max_ms": 0.0,
      "error_rate": 0.0,
      "all_under_20s": true
    },
    {
      "scenario_name": "ingest-max-context",
      "concurrency": 16,
      "total_requests": 785,
      "successful_requests": 0,
      "failed_requests": 785,
      "total_tokens": 0,
      "duration_seconds": 0.0,
      "tokens_per_second": 0.0,
      "tokens_per_minute": 0.0,
      "requests_per_second": 0.0,
      "requests_per_minute": 0.0,
      "latency_p50_ms": 0.0,
      "latency_p95_ms": 0.0,
      "latency_p99_ms": 0.0,
      "latency_mean_ms": 0.0,
      "latency_min_ms": 0.0,
      "latency_max_ms": 0.0,
      "error_rate": 0.0,
      "all_under_20s": true
    },
    {
      "scenario_name": "ingest-max-context",
      "concurrency": 32,
      "total_requests": 839,
      "successful_requests": 0,
      "failed_requests": 839,
      "total_tokens": 0,
      "duration_seconds": 0.0,
      "tokens_per_second": 0.0,
      "tokens_per_minute": 0.0,
      "requests_per_second": 0.0,
      "requests_per_minute": 0.0,
      "latency_p50_ms": 0.0,
      "latency_p95_ms": 0.0,
      "latency_p99_ms": 0.0,
      "latency_mean_ms": 0.0,
      "latency_min_ms": 0.0,
      "latency_max_ms": 0.0,
      "error_rate": 0.0,
      "all_under_20s": true
    }
  ]
}