{
  "metadata": {
    "gpu_label": "configA-32k-1gpu",
    "timestamp": "20260508_111802",
    "run_date": "2026-05-08T11:18:02.310396"
  },
  "results": [
    {
      "scenario_name": "ingest-default-chunk",
      "concurrency": 1,
      "total_requests": 63,
      "successful_requests": 63,
      "failed_requests": 0,
      "total_tokens": 516096,
      "duration_seconds": 59.11780095100403,
      "tokens_per_second": 8729.959364147067,
      "tokens_per_minute": 523797.561848824,
      "requests_per_second": 1.0656688676937338,
      "requests_per_minute": 63.94013206162403,
      "latency_p50_ms": 996.7858791351318,
      "latency_p95_ms": 1155.2390813827515,
      "latency_p99_ms": 1737.3907661437988,
      "latency_mean_ms": 962.2133686428979,
      "latency_min_ms": 700.3991603851318,
      "latency_max_ms": 1758.6188316345215,
      "error_rate": 0.0,
      "all_under_20s": true
    },
    {
      "scenario_name": "ingest-default-chunk",
      "concurrency": 4,
      "total_requests": 264,
      "successful_requests": 264,
      "failed_requests": 0,
      "total_tokens": 2162688,
      "duration_seconds": 60.91307592391968,
      "tokens_per_second": 35504.49500697015,
      "tokens_per_minute": 2130269.700418209,
      "requests_per_second": 4.334044800655536,
      "requests_per_minute": 260.0426880393322,
      "latency_p50_ms": 962.7388715744019,
      "latency_p95_ms": 1104.7325730323792,
      "latency_p99_ms": 1678.0660367012024,
      "latency_mean_ms": 927.1510469191002,
      "latency_min_ms": 690.6077861785889,
      "latency_max_ms": 1775.454044342041,
      "error_rate": 0.0,
      "all_under_20s": true
    },
    {
      "scenario_name": "ingest-default-chunk",
      "concurrency": 16,
      "total_requests": 996,
      "successful_requests": 995,
      "failed_requests": 1,
      "total_tokens": 8151040,
      "duration_seconds": 60.79448080062866,
      "tokens_per_second": 134075.32875773343,
      "tokens_per_minute": 8044519.725464006,
      "requests_per_second": 16.366617279996756,
      "requests_per_minute": 981.9970367998054,
      "latency_p50_ms": 970.0369834899902,
      "latency_p95_ms": 1153.560733795166,
      "latency_p99_ms": 1698.968834877014,
      "latency_mean_ms": 956.3668356468929,
      "latency_min_ms": 687.568187713623,
      "latency_max_ms": 1746.199131011963,
      "error_rate": 0.001004016064257028,
      "all_under_20s": true
    },
    {
      "scenario_name": "ingest-default-chunk",
      "concurrency": 32,
      "total_requests": 1569,
      "successful_requests": 1569,
      "failed_requests": 0,
      "total_tokens": 12853248,
      "duration_seconds": 61.08601403236389,
      "tokens_per_second": 210412.28837079203,
      "tokens_per_minute": 12624737.302247522,
      "requests_per_second": 25.6850937952627,
      "requests_per_minute": 1541.105627715762,
      "latency_p50_ms": 1192.8911209106445,
      "latency_p95_ms": 1558.786535263061,
      "latency_p99_ms": 2866.1280250549275,
      "latency_mean_ms": 1246.683670199548,
      "latency_min_ms": 714.2701148986816,
      "latency_max_ms": 6686.255931854248,
      "error_rate": 0.0,
      "all_under_20s": true
    },
    {
      "scenario_name": "ingest-default-chunk",
      "concurrency": 64,
      "total_requests": 1668,
      "successful_requests": 1668,
      "failed_requests": 0,
      "total_tokens": 13664256,
      "duration_seconds": 62.12093496322632,
      "tokens_per_second": 219962.17552245178,
      "tokens_per_minute": 13197730.531347107,
      "requests_per_second": 26.85085150420554,
      "requests_per_minute": 1611.0510902523324,
      "latency_p50_ms": 2375.066637992859,
      "latency_p95_ms": 2846.185302734375,
      "latency_p99_ms": 3104.4491267204285,
      "latency_mean_ms": 2389.435550434698,
      "latency_min_ms": 1617.9499626159668,
      "latency_max_ms": 3156.9228172302246,
      "error_rate": 0.0,
      "all_under_20s": true
    },
    {
      "scenario_name": "ingest-default-chunk",
      "concurrency": 128,
      "total_requests": 1732,
      "successful_requests": 1732,
      "failed_requests": 0,
      "total_tokens": 14188544,
      "duration_seconds": 64.59042406082153,
      "tokens_per_second": 219669.4665859349,
      "tokens_per_minute": 13180167.995156093,
      "requests_per_second": 26.81512043285338,
      "requests_per_minute": 1608.9072259712027,
      "latency_p50_ms": 4716.395020484924,
      "latency_p95_ms": 5320.130419731139,
      "latency_p99_ms": 5435.052919387817,
      "latency_mean_ms": 4780.614280260187,
      "latency_min_ms": 3989.8908138275146,
      "latency_max_ms": 5668.36142539978,
      "error_rate": 0.0,
      "all_under_20s": true
    },
    {
      "scenario_name": "ingest-max-context",
      "concurrency": 1,
      "total_requests": 58,
      "successful_requests": 0,
      "failed_requests": 58,
      "total_tokens": 0,
      "duration_seconds": 0.0,
      "tokens_per_second": 0.0,
      "tokens_per_minute": 0.0,
      "requests_per_second": 0.0,
      "requests_per_minute": 0.0,
      "latency_p50_ms": 0.0,
      "latency_p95_ms": 0.0,
      "latency_p99_ms": 0.0,
      "latency_mean_ms": 0.0,
      "latency_min_ms": 0.0,
      "latency_max_ms": 0.0,
      "error_rate": 1.0,
      "all_under_20s": false
    },
    {
      "scenario_name": "ingest-max-context",
      "concurrency": 4,
      "total_requests": 237,
      "successful_requests": 0,
      "failed_requests": 237,
      "total_tokens": 0,
      "duration_seconds": 0.0,
      "tokens_per_second": 0.0,
      "tokens_per_minute": 0.0,
      "requests_per_second": 0.0,
      "requests_per_minute": 0.0,
      "latency_p50_ms": 0.0,
      "latency_p95_ms": 0.0,
      "latency_p99_ms": 0.0,
      "latency_mean_ms": 0.0,
      "latency_min_ms": 0.0,
      "latency_max_ms": 0.0,
      "error_rate": 1.0,
      "all_under_20s": false
    },
    {
      "scenario_name": "ingest-max-context",
      "concurrency": 16,
      "total_requests": 769,
      "successful_requests": 0,
      "failed_requests": 769,
      "total_tokens": 0,
      "duration_seconds": 0.0,
      "tokens_per_second": 0.0,
      "tokens_per_minute": 0.0,
      "requests_per_second": 0.0,
      "requests_per_minute": 0.0,
      "latency_p50_ms": 0.0,
      "latency_p95_ms": 0.0,
      "latency_p99_ms": 0.0,
      "latency_mean_ms": 0.0,
      "latency_min_ms": 0.0,
      "latency_max_ms": 0.0,
      "error_rate": 1.0,
      "all_under_20s": false
    },
    {
      "scenario_name": "ingest-max-context",
      "concurrency": 32,
      "total_requests": 850,
      "successful_requests": 0,
      "failed_requests": 850,
      "total_tokens": 0,
      "duration_seconds": 0.0,
      "tokens_per_second": 0.0,
      "tokens_per_minute": 0.0,
      "requests_per_second": 0.0,
      "requests_per_minute": 0.0,
      "latency_p50_ms": 0.0,
      "latency_p95_ms": 0.0,
      "latency_p99_ms": 0.0,
      "latency_mean_ms": 0.0,
      "latency_min_ms": 0.0,
      "latency_max_ms": 0.0,
      "error_rate": 1.0,
      "all_under_20s": false
    }
  ]
}
